{"id": "ex1", "src": "Published reports from China and Italy suggest that risk factors for severe COVID-19 disease include underlying health conditions, but data describing underlying health conditions among U.S. COVID-19 patients have not yet been reported."}
{"id": "ex2", "src": "Additionally, in some cases, the reopening of schools after a period of closure has resulted in increased infection rates."}
{"id": "ex3", "src": "School closures in the city of Oita, Japan, were found to have successfully decreased the number of infected students at the peak of infection; however closing schools was not found to have significantly decreased the total number of infected students."}
